name,manufacturer,no of cylinders,weight,power,fuel tank capacity,Price,image
Farmtrac 6050 Executive Tractor,Escorts,3,2180,50,60,,https://5.imimg.com/data5/VD/NM/MY-3362000/escorts-farmtrac-6050-executive-50-hp-tractor-500x500.jpg
Escorts Farmtrac 60EPI T20 Tractor,Escorts,3,2340,60,50,1650,https://5.imimg.com/data5/PP/KO/MY-3362000/escorts-farmtrac-60epi-t20-50-hp-tractor-500x500.jpg
5055E Tractor ,John Deere,3,2110,55 ,60,1700,https://www.deere.co.in/assets/images/5055_E_large_64792692ee22926a980d6ed21f18ceb9250a716b.jpg
5075E 4WD Tractor,John Deere,3,2640,75,68,1600,https://www.deere.co.in/assets/images/region-1/products/tractors/e-series-tractors/Web-Image-5075E-762x458.jpg
TAFE 8502 DI 2WD,TAFE,4,2720,85,80,1750,https://www.tafe.com/tractors/tafe/product/TAFE-8502-DI-2WD.jpg
TAFE 9502 4WD,TAFE,4,3350,90,80,1800,https://www.tafe.com/tractors/tafe/product/TAFE-9502-4WD.jpg
TAFE 1002 4WD,TAFE,4,4065,100,85,1820,https://www.tafe.com/tractors/tafe/product/TAFE-1002-4WD.jpg
MF 2635 4WD,MASSEY FERGUSON,4,3410,75,85,1700,https://masseyfergusonindia.com/massey-ferguson/product/MF-2635-4WD.jpg
MF 7250 DI,MASSEY FERGUSON,3,1975,50,55,1500,https://masseyfergusonindia.com/massey-ferguson/product/MF-7250-DI.jpg
MF 1035 DI Dost,MASSEY FERGUSON,3,1770,40,47,1400,https://masseyfergusonindia.com/massey-ferguson/product/MF-1035-DI-Dost.jpg
Power Harrow 615 PH,,3,545,55,,1400,"data:image/jpeg;base64,/9j/4AAQSkZJRgABAQAAAQABAAD/2wCEAAkGBxIQEhUSEhIWFRUPFRUVFhYVFxUVFRUVFhYXGBUVFxcYHSggGBolGxYVITEhJTUrLi4uFx8zODMtNygtLisBCgoKDg0OGxAQGislICUtKy0tLS0tLS0tLS0tLS0tLS0tLS0tLS0tLS0tLS0tLS0tLS0tLS0tLS0tLS0tLS0tLf/AABEIAMQBAQMBEQACEQEDEQH/xAAcAAABBQEBAQAAAAAAAAAAAAABAAIDBAUHBgj/xABHEAABBAADBAYFCQYEBQUAAAABAAIDEQQSIQUxQVEGEyJhgZEHMnGhwRQjM0JSYpKxshVTcoLC0UNzouE0RIPS8BYkJZPD/8QAGwEBAAIDAQEAAAAAAAAAAAAAAAECAwQFBgf/xAA3EQACAgEEAAQEAwYFBQAAAAAAAQIDEQQSITEFE0FRIjJhcRQzkSM0QlKBsSRi0eHxBhVyocH/2gAMAwEAAhEDEQA/AOy0pAkAkAEAkAEJwJBgSASECQAKAaUAEA20AwlANJQDC4oBhceaAaXnmgEHHmUA4O70A8O70A8OQDg5AOtAEOUgWZQA2gECgCHIA5u9ALMeaAWZCcEtoQBAK0ALQCtAK0AEAkArQCQAQAQDSgGlANKAYUAwoBhQDCgEgCCgHgoB4KAcCgCCgHWgDaAVoA2gCCgFaANoBISS2hALQCtAC0ArQCtAC0ArQCtAK0ALQCQYIY52uvK4GiQaO4jePamUW2scVBGGNJUkDSgIygGFANKACAQQDgUAQ5AOzIBwchIcyAIcgDmQBzIBwKANoA2gDaAeShALQkVoAWgFaAFoA2gFaEEWIxDY2l7zTWCyTwA4qG8LJeEHOSjHtmYelGD/AH7fOvzWPzoe5tf9u1P8jPGbU6RyzTytbj24aIWWEjTKKA1DbJdZK1fNlObSZ2fwVenojKVW6XqY+IxD8wvaZmY8gGQPlMbDxBbzAo+IWObmmluNvTRrnVKSpw10iyzD4dgLv2iw5rcOxNGc32mPDba7eMw0PEHcthJx+ZnLsvnZL4KsNGDicS7MR1z5BwcXOJ9h1PmNFgc3ns7VMVOr4q8PHsdpO0IRVyx60PXbqfNb++OOzyMtPa5PEX+hSn6R4Nu/Ex6cnB36bTzIe5daDUPqDNBrgQCNQQCDzB3KxqNNPDAVJAwoBpQAQBtAK0AQ5CQhyEBz+9CR2ZAFr/ciA4OQDgUAQUA4FAK0BISgBaAVoAWgFaAVoBWgFaAzekuuEn/yn/ksdvyM3PD/AN5h9zjmJ2ixrsjjq01uPHX4rj7JNLB7xXVxk03yZ+0JGSerq4hoaALOma9Od5R5q8Ysx2zi1nKwTsidHABLG9gMjiM7C0OOXSswFpKEvVFKra3nEln7mhGDK1oZBK7JHlJETnAu6zNmGUHhp4eWe6bnFJJ8GtpoV02SlKceXntErMBIP8CX/wCmX/tWt5c/Y6L1dHpOP6onwsLmSRkxvYMw9aN7ATY0twF8VKjJNZMc7arISUJJ8ejMWbefaVZEs7Xst1wRHnFGf9AXWh8qPn2pX7WX3ZYKsYRpQDEACEAEAEAkJCgIsQ5wotbmo6iwDuIFXpxUNEkYxb7rqjYvTM3u47vrDz9qZYwibCBwHaABcSaBsCzoL4pEFgFSQOBQBtAOBQBtAPJQCtAK0ArQCtAK0ArQCtAUtttzYeYc4pP0lUsWYs2dG8Xwf1RwDFE26+0dDZ46D/zwXNTzE9lZXttaZ070VbeZLG7DFuWSLtiqp7DQNciDV/xDw2tNJPg894tpZVy8xPh/3PfEraOKm10K1OA22K0GTA6aFjcMZHhx6l7HNy1695W5r+r2qPtWvqFHZlnU8I8yWoUIPv3OSy6k9+vmucnxk9q44OtdD9otnwsdHtQtbG8cQ5rQL9hFFdSmalE8L4lp5U3vPryjZIWU0MjSEIGkIBpCABCAFIBUgChIkIIYyc7u4n9MSj1JJwpAUAbQBBQBBQCzICa0ALQCtAK0ArQCtAG0ALQEeJbmY4faa4eYVZdMyUvFkfuj59m9b+Vq5cPlPfaj8zP0H7E2i7B4mOdv+G6yPtMOj2+IJ9yRlslkwailX0uDO57B2w3GQiZjXNa4uFOqxlNcCQunCW5ZPFanTuibhL0NG1cwCtAVdqYMTwyRH/FaW+wkaHwNFUnHdFo2NLc6bozXozikrSNCKc0lrhyI4eYK5EeOD6LNqSUl0zU6MbaOEmD97HdmRvNvMd43jxHFZ6Z7H9Dl+IaNairHqujrccgc0OaQWuAII1BBFghdJPJ4icXF4fYSpKgKAaQgBSAFIBUgFSEmbiNu4eMua6SizR3ZearfuGqxO6CeMm5Dw++UFNLguRDtOPf/AExqy7NVxa4ZMrlRIBWgFaAVoBWgJiUArQCtAK0AbQCBQCtAK0AlD6LReJJnz3teMsmcPs23yc4LkdZX1PoEviUX7xRUkffgj5IXB1L0S7Va6B+HOjoHF47438fA2PELe001twzzPjOnatU0uz12K25hovXmYDyBzHybZWaVsF6nPr0Oos+WLMqfprhm+q2R/saAP9RBWB6uCN+PgWpazLCKj+n0Qr5p9d7hffVWD5qy1UX0Y5eEWw7Z4zbuIilxEj4T2J6fRFFrz6zSOeYH8S0bcKeUeq8O3PSJS7jwZYQzM936P9u/8rIeZiJ83R/EePctzT2fws814xoufOh/X/U9yts86BCQIBFCAIBIAKSTl+33Hr5iDVSvPk7n4Lj2LNjWT3ukkoaOMms8Ho8N0WlDtcSaBHB2oFEis3sC3K6JRlnccHUeK1Ti4qpJ+56wrbOAwWgBaASASASAltAG0ArQCtAK0ArQCtAK0AbQHCum8eTGSgfvJPe4H4rlTXxNHvKJbqa3/lME66c1VdGRnpNn4MRCvrOBBPPiQO7T3Wsbb9DMoxxhrJZv3UfZYKq1gyQ5fInnhYBPq3z4acUiiLJRfGRS6ggjfpQq+G7zB8QnTyQ0pxwYeGlLJXMO9t+bTw8NVls6yYNE9tjgy/IKPv8AA7kXRnksMmax7Mr7ykZXNIcM3NrgAbHBZMSXJqTlCeYM6r0Z20MXCHHSRnZkH3uDh3Hf5jguhVPesnj9dpHp7WvR9GtayGkJCAWgFaAFoBWgOU9IHfPz/wAcm72lcmX5p76lf4BfY6fGKc46a+egb/ddRdnhJv4mS2rFQFAC0ALQCtAK0BKgEgDaAVoBWhAkJGzTNYLe4NHNxAHvUZReNc5dIxcZ0xwEXrYqMkcGEyHyYCquyK9TPHRXS/hH7B6TQ45zxAHlsVZnuaGi3bgATmO48OCRmpdFL9NOlfEcr9IP/Gzf5h/Qwrnz/Mkey0v7rU/oYGB+lZ/EP9lR9GRP40e42JNCyW8Q3NHRsZQ+zpVA7jY3qlUoJ/ENfTqLK8UvnJFtyWF0zjh2ZY3tbQoNpwac2nt5KbHFvMSulpvjTsufxP8Aqedl2Y7MXZmtAIOgN0OOY7j7FZ3JrCRrQ8Msi9059GjDmdru8O04VWvIa3XcFh+h1O/i6R5fG4upy8GwH+Y3FbKhlYOXZqFXYpr3PQE2B3afEfFYIex2rln4kaUZzR9ktzEFoa1pLzQAc09xL8w3nRw4LbTzA403st5/2Jdh7Sfgpw4ggDsyMOhLTR3HiNCP91WuTgxqtPDU1YXfodWhna9oe0214BBHEHcV0E8rJ46cHCTi+0PtSUBaAFoBZkAMyA5Ztg3PPr/iyfqK5D/NPf18aFf+J1Ebz7T+li6yPBS7DakgBKABKAFoBWgFaAnQCQEWMxAijfI66ja5xrfTQSa79FEmorLL1VO2agvU8RjPSdC0fNwSPP3iGD4rVeqidqPgc/4mYWM9JmMd9HFFGO8Oe73kD3Kj1L9Dah4NWu+TFxXSraEvr4t4B4R1H+gArG75M26/Dao+iKfUMlY58sznSA6NcHOzXVnOTp7PFQpZXLLzp2SSjHj3IXsazfpoDQFmiLHduUbjI6l6I3+jm3p8AJOpw/WGbJq80G5c31WmzebmNyyQuUTT1fh0r2srBmbfnmxBM0rAHvdmcGA5R2a01OlAcVgct02zowq8vTwivQyY4X+sGmmkdrgDwtWxwYJSSl2enjDqt7S0uo0Hk6EWD4ghYJxaeDeot82GUJwNg9o0d1t5EfFR6GTLyuCLG4tjAA/ML3aXdey6Uxi30VvuiuzPxO1S8FkLTbtC46Vegob7KzKCjyzRsvnasQXBJ0I2VBLjGx4theHW0N7TQH0SM1EHgQtuqUWzia6mcIbsnoOluzm4fEOYxuWN7WvYAKDQdCB4tK1Lo7LDv+FXfiNGs9rgpu2tKRTXdWKrLEBGKNX6up3Derb2VWmgnl8v6lQv5nz3p2ZcYWEem6KdLmYdpimLizezKLLSTq32Hf3a81mqvUeGcjxDwyV0t9ffqelHTPB8XuHtY6vMArKtVW3g5kvBNUlnBv5lsnJaw8AzIQLMgFaBLLOWbTl+elOlGV9HhRk33ypch/m5PoMV/gkv8v8A8OpNeCLBsHUEagjna6yPAyi03lMNqSpDPi2Ri3va32kBV3IyRpnLpMkBVjG00K0ArQCQFqkAaQFPbTLw8w5wyfoKpZ8rNnRvF8PujgVaBcdH0BhERIsBWxkxuSRuHYMRfGxmIZI6RrS4scC2MkgEOcBWl8Fba8pI14anMJSlFrHp7ljC9G2vxDoGyNeWBxzZ8rDQ3h2U37O48lKXxYK26hKhWvKz9OTz+Iwj5HlrBZaMu9o9UVxPJqJE2WKPeTTbLuWs+zsV4cESl+h14H8lK7K2R+Fo8xDinBpFkBx1F6E8DXFbuGecUoPvtFvAyymwxxAa1zzWWqaCT62m4eKq4JlnqpVLgczajs2VslgXRLWizvOlbt6iVaSzgyU6ycpbc4Lww/XFpc4Oy12SWsBJ3gkcNBr7gscX/Kjbsi5fOxm0mNYcrcgHIEannXNOWyI4UO0aHQqNgnM7jJcDiQKAaTR1kcdx3aLaqW1ZOJrJ+bJV8YeOi1tbbEmKLTKG2wEDKMuhokHXXctO212PLPSaHw+vSxflvszDGDxPu/sqqw2JabPqWdnRROZLISz/ANoQXMe41IHaNADaINg8eXsW3BJrJ57VaiyNvlJf1M2KYvpoqg/P6pzDuutRXBYZHRhFZ3Z5xgvdVbh2gc5FajieR49x+KxxXxI2Z2x8qX0TOxldpdHzefzMo7W2rHhY+slJy2B2RZJO4V4Ks5qC5M+m0tmoltgeSxnpCJ0hhA+9KbP4W/3WB6j2OtX4Nj55foYOP6RYqew6dzQfqxnqx/ponxJVHOUuzep0lNfyxz9yHAYSRoN03M4EFxa4VuLiLN+zetXZmX0Om7kq8I22Y+CEtc0yyOjyn1sjC8bzlaPV+6b0K2IyjF8HMlprLlixRX9yV+28Xic2TstYLJGgAsCr56hX8yc3wYZabS6bG7tmBLO5+rnE+02qfc31GKXwo6xgh82z+Bv6Qt6PR4235392TKSgkAUBcagCgIcc24pBzY8f6Sqz+VmbTPFsX9UcSZC0mqFZ3DwBAC4rPo0cPszY2kvGb1S5w7rGtV5Kxg43YEZCRqTXLcPLcoyzMoxT4RpBoAGWxoAaPCrVcsyeWnHkiiiyvz5iTxzAG9+vO9VbzDFLR853Me1p45HaadgDXma3qFJB6aS+WQWwO17MZ04GRuvmVOVnoh02fzEbMAKf8yy3gAUbOh1yud6hriN+5ZFPBp26KTeUh2GgexpbkIa4C26EOo2LrfR58lVyLx0816J/cdlpjmiIAPy5m1QdVkHsjWjzrfpeqnd9SZUvdl1oDSGxuqECy23WcwokgNB1HhW7XeifHZinBqabh/7IRG0tc+qcwsonLQJv1iTmB00q9xTD9y8p4kl5awKOF8nWP62jYc4tDnZnOdTuscD2TqTZuzpxtWjn3MFslHbtgl9yQuJ+r5ELC4HUjq4Y6Fmre0jyUbGX/FQZo4HA4V2GlldJkkDgOrf60ps9pva3UeA+qdFsYW3OTiysn5+xxzGTbz7EmH2JGcOZusrKW1HZDnB1dqtwGv8ApOuijlxyyzlCF6qinz6hbscfJjjGu7MTgAOsOcuGoIGXnXkojF43F7b4+b+H55XeOD3eGmBaHAkZwD6xI14Czp4LoKXB5mda3NYPPdPXF2HFEntt031o47v5vKlg1D4R0fCoJTlx6Hi8HsXEyAODMrTrnk7Da566kd4CxRi2dGzUVR47Y7FQRxmjOJDxbECBfLOdK9nkkl9SkLHLlRwWGy2xtWAM1Am6GY6DutURuYXaG2roqy7s3bU0Iexjqa4DuIdrqCNeLdNxWSE9poajSRvmm30VENnGEdZ2U8ugiJ1JjYT+ELdj0eNvWLH9y0rGISASAuNQDggGzi2u/hP5KsvlZkp/MR884zTFV9mUfqC5Z7mTzJGlDgoSBJ8oaJGvf80QQTvqud0B4qEuDDLUWR1Cjt445HO2UBhhiOuadCMg3g2d/gL8QojDKyTPxJQv8pRDtGF8cDJrbT7y0QT2RrY4BQq3nk25a6LUow7iZGH2i8iy5mvdu96tOtL0KUaycopuSLcWMd9w+P8Ausez6Gz+J+qJxjnDeweDj/ZMIurZP0RYZtLnG7wITgbm/QkG1G8WvHg0/FOBl+wDtCM8x/K74KMFlYgtxsf2x42PzTBPmRC7ERnc9p/mChpkqcfcEUpaeySL+ya/JQnJEyrqn2kyN0DTvY38ITLLbI+xHLGGMeWijl0qxvIUqTMN1cVHoz8G49YQ4G2tc7XfoLo2sjXGTVhJN4LcU5c9gJJAIoA00ewDQKrbM0a16E/WEdlr3AEG+NgmyN+42fNVUjI9On0WW5MgYH4gAVoZQ5mmujMumuqzO5NYNCPhkoz3JoLpa3PcRydd+JaqOSZsx000iLGjrWtDu1lNgEgBt76Uqa9TC9JPLwiI4ZmSsovNdg24Ct12RXdVq2+ODC9PcpLLK8EoMbSBQ7XucQpwWreY8kmZXRZjYTpf2tfPcPAaeCldmKK4JLVikujrmyfoIf8AKj/QFvx6PG3/AJsi3SkxCQgKAuNGgQkcAgC4aH2KH0XreJL7nAcHs4Ty4iaVxZHhWufI5tZi+8sMbb0zOcPc5c6Mc5bPXX2yi4xh80sf8mEZH5g8HVpvx71CaXBksjOUt2Rs+MmMfV5yGZs2UaDMQBfM6AK8JJcGnqKZTe9vkGChc9pa576vcHGq9m7most2vhGTSaFWxanJ/qXMNs/IQACQdbNmjry8FXzN3LM/4PyfgjlozsXhgQSTTmkU06g3v14UstcsHO1de5Jrs0NhmXI5rHADNucLAOXUt00Jsi1WycU8MzaPT2TTcH16GlgsBI5/V2XODS8hl+q1pcTpyDSsHb4R0XZGqP7SWGVcTh8QGdcwuMTZGxF9gjO5pcG63wHvCzVwTzlGlq9VKqajCfLIRPiNHAAszFhsA24USKGo0I13J5cGiq1mpjLCeUWopZHGsovlQWCUEmdWrUucNxBjsa6K80YNeH91aNak8ZMN+sdcd23KGz45rd8fGqBs68arcrqj2ZrvxVLmUC1HNGayuN0CQMzSDxG6j4LFKEl2b1Oohb1lGm3Ak4frDJpKXMDHE5uyRb9dKvTxTa+GY5ayKlKEU+FkMnRzExOdM/K9rmmyx7Xm39kerxvTxCvZBqJqaHX12WKL4eGVn4d4kYHNIPZGoqqaKB5aUsUos6Wn1NU29r6GbVMmGrPGQXVQcC0kHiEjXl4Za7WxUVKtpoLcU6vVHmf7KrijYjfPGWh3yn7p8CP9k2lle/YPykcnDwHwKrsLfiF6pjmzNdprdHeCOBUqLQlZGSwUcM+oo/Y/9blnZzaV8I4ypku0L5RSlMxuJpbCwzcQ/K+VsYAcdTRNNc6mmiL7IGvNZa1ueDQ1t7or3JHW9nsyxRt+yxrfIAfBb64PJTk5ycmTqSgUAkBZa/QexCQh6AOdQyY/Mjgm1do/NnCtblAxEskpv6R+Ytj8GtG7m4rmznxhHs6aczdsvZY+hjrEbeBrmKUykopkYiI1Br2aLIpmB0uKbTGYKcBrzJLLma12WnGi4bge7+/ctzZFro8zLV31ycd7/UjwuHOILvnNGgut5O5oJdW8k0Ca7lbakYVdOT7Z6P0c7P8AlM0sJJFYaSRlV9K0xht6ajtGwsDqjY+TrLW26SK24MnB9LJc1sh7ZY4XG5wcW0c40F5ct2OVqVpUumYrPGPNX7StMqQ7bc5wa4O6ova5zGyFrTWhIvsh2WxmKvGhLjJrz8Qk3lRR2fa/QVrWQjBNDRE6Rzw9zi6Qva0A5jYvs7tBqotpyltNjQeJKuyTt9TnWKmayR0L3lkkDy17ddHDQi93iFp+TYu0egn4npLMbZ4M/H7TjzOIc14eHCuQd+ayRrknnBpXayhxcN2Uer6P9GJvkc+Ltr24nDZY2R5pHkdZG4l2mhGQgjXiszrai2c+vU1O6EH1kzto4OMPcGsytbQAB3UO/vtac5yzyek0ukqVe6PbyUpsQ5sbBlogEEWKAJDuzV0cwN+ClYfGTWalW29vfZUwIe6cCISSZgW5GhznW4UToOevcPYs21yjg57lCm/zOMJGxtXZs2HkkZ1oMmGfEAQDlt7M4cPZVKkvheJehtUwdsN1CS3Z7K21XTYoh2IlBLQBYGlbgK0rfwVFZl5NiWg8qrbwl9DPGxpXSxQsNPkoizlFd/L2d4WWHrk5uqs2xW1vgvbJ2HLOyd4ndH8ijMjwQXZhT+yASKI6s+21kjCLTyjWnqrouLhJ8+mSiZ5mtGdhZlr1gQ94dqHC+yQK3it/FY5VRxwb9GtvUts0y7g5HHU7srhwv1StdrB167HJjMEGlkQcaFG+4GR6s+zBXxXwb+2sHhQyIwOzOLMzqApwyW45r4EgURpfcVt+XFpI89PW6hTk31lf3HRdH44c/XOBGoGb5vIMxAcXFwonTSjWnO1WNUY9m5PWWWY2LBkzdWwSlgFOfkiOtgNHbcCdbOZnvVOnwbEoOyCU/bLO1N4LoR6PIT+Z/cRKkqK0AsyAc2VtDXkgH9Y3mgCJBzUPkmPaPn7aoInlBBBEsmhFH1jwXKn2e7pkpVpr2KiqZAUhDQQCdBqToANST3BSlnorOSistmdtDBSRSdXJG5jnZXBrmlriHbjR11orow+VHjtZt86Ti+DX6K7JbPjIIDYbM9zXUaOTq3l1HnQOqvjJrReHk7n0f6K4PBOzYeINeRlLy5z3EEgkW4mhoNBW5SopdFrLpz+Y456I9nj9sVwwrcQRfdcWv41JiMDFbNaNqHC1TPl3UgDcGGfKKHLLSA+ndFIOCekTNhdqzltDrermH87Gh1/zNcqslHk8I2FznOkbTO06m8OQF6KGW3H0d0Z2bHgcNHBGTTBZs2czu049wsnRWXBVtt5OFbQwpZtp0Accr8c3SzWSSVrqq92V1KHFP0MkbrIriTX9T1/pR6HUx2KwdtbG1zpog5wFbzIwbqAskct3JQoRXoWlqrpcOT/U8n6KMZIzaUIa51SiRrxZotEbna/zBpVkjHKTZu+lHEvweLJiALcYxsrw63fONc5pLTdgUW6cOCxWUxkb2k8Tv0+FHDS9C50N2R+0MIZy4Mf1jmBpFs7OU2ePErB+Dj6M6Mv+orZRxOCPO9MMJPgpGB5eetaXN7QDgQacOyTyBBvUEWAdBdUYNOfibnztRs+jbF/KGYrCdWWvxUD7m7TsoosaHi93bJFVevhkUFhr3NaWqk5xm/T0JumWyZMPE10pAYGsjL2mxnqxodeB3rUdM1LKO9HxPTWVNN4f2PNY3asbWR5HNBij6tzRRL3FznOkPa0JzcNBSyeTuXRp1+IeVY5KTeSTCt6yNnVg1kcdSLADnWb3f+UsEo4lg7VFqlQn7kjpadmFch7KoKFJp5MlumrnDbJDsbjHzFpkdmLG5QTysnz1KOTZWumFedq7Gg5zGwcw3xc/U+8DwVly0Us4hJ/Q7mSukujxEnl5GkqSAEoAZkBRB9nmoAc3sQCEg5oSeU6a9HxO0zxfSsHaaP8AEaP6hw57uS1rqd3KOx4Z4h5T8uzo8ds/oxip9RHkB+tL2B5Vm9ywRok/Q69viVFa7z9j1WzOgULaM8zpPus7DfE6uPhSzR0y9Tl3eMzfFawer2bs/DYcVDE1neBbj7XHUrYjCMekcu3U22/O2znvpQgHy/ByfvcjD/05h8JFLMBX9HcQO0bI+ibM7x9T+tQuwdeEwVgcu9GOGy7T2g+vozIwdwfOT/QEBjbXw+XpE0faxUD/ADDHH335IQdrzqcknI/TRBlxOHl/eQvYf+m6/wD9FVg81svB554o6+lkiaR91z2h3uJUA78XKxByDEQZukoHKVj/AMOHD/6UJOp7Wi6yCZn7yKRv4mEfFTkg476Gmg48/dw8hHcc0Y/IlQDd9NcP/Cyf5zP0OH5FAbfohZWzgftSyn3gfBAed9Nbj1uGAOmSQ+OZv90Be9CUByYqQ8XQsH8rXuP6wiJPQ+lSHNsyf7hjcO6pG/AlGQcHDmkW4a3W/wB6guj1+yZMsDANz467/pC4e8A+AXPtfxyPY+HxzRW/ZBKxI6DGlCjLmxI82Jgbzmi8s7b9yyQ+ZGpqniqT+h200ukjxI0qcgamQC0yDJc9QSQvnQggfiiEBC7HFARO2kUBGdqd6AH7X70BnbY6rF9X1tgwvEjHNIBBBBrUHQ0LHcEBjdEJuqxM7zpvaD/E/N/SFCJZ7Ju3BzUkGJ0XZ8mlxUriLxcxcKN0wFxbff2jogMDbk4O28NJ9rqnH+XO3+lAdJbtYc0B470osdiIInRtc90UhBDQXODXt1NDhbWoDE6Ga4yHN9S3G9KLWGr8aVSTrAxYViDn2CYHdIpX/Yiz+cUbP6kB0YTAoDknosi6rac7P3cc7fwzRj4ID0XpjjzYSJ32MQ2+4OjkH55fNAavovbl2bB94yu85X17qQHmvTQ3t4U/dmHvj/uoJRv+iWDJgS797NI78Iaz+gqUGafpEbezcV/l35OaUIOLjAf/ABbp6/51sd93UOPlZQldmjsz6CL+D+py5l35jPb+G/ukPsTKmTcYipMbNnohDmxkHc8u/C0n4LLSvjRz/EJY08jrq6B48BQDSgAgKhwQI3nd3ISQv2eOZQgqy7M7z7kBUk2V3lAVJdl95QFOXZp5lAVJNnnmUBVkwbu9AVW4LJeUEZiXHvJ4oBFrhzQDc7hzQFDGYUvmimujCTd8Rwrx/NAarcaeZQE7No95QGVsWdoxD31WXOCeZe6/yH5KCWemj2oPtFSQVsGxjMVLis9umaxgFeqGgXrxsgeSA249pt+0fcgPHdFntj2vizejmyOB/jfG/wCKA9H05b8pwMrI7c8ZHtbvJyOBIAG85boIDS6GkQ4LDxvtrmRjM06EE2SD36oDzPpdLXDDOBvKZQfEMPwUEo9X6PmsZs/Dgmi5pef53uf8QpBP06cw7OxVE/Qu+CA8FFs4f+mnO+sZTN5Thl/hCA85sORzoRY0jJYDwJ9avb2loaiGJZPWeD6jfT5fqi6sB1j0PRvonNiyHn5uL7bhq4fcb9b27lmrqc/scvWeIV0cds6Xsno/h8M2owbO9xovd7TXuGi3o1qPR5nUaqy9/E+C/wDJW8z7lc1hDCN5n3IBfI28z7kAvkbeZ9yAgjeMo9g/JQSEuCABrkgI3RjuQETsMCgIXYIIQQv2eEBXk2WEBWfscHggKsmxO5AVpNidyAqybE7kBXk2KeSArv2O7kgIP2SW3QqzZoVrzQDHYJ45oBhgeEABnCAqQ4UsnfOCbkaGkcNK1v8AlCA0W414QErNpuHFAYPTXFulZEACTnIAHMt0QHp9mbS6qKOMHSJjWfhaB8EBZxm0GzxPifeWVpa6jRooCPamJYcDLh4wA0QOY1vAU3s/kEB5roTCJcHPH9brmvYeThGK8CCR4rHZDesG1o9S9PYp/qeq2FsSGMh8tSO3hp9Rp9h9Y+3TuWKvTqPLN/V+LzsW2vhHsotprZONlvllhmPQE7MWpJJW4hASNlQgd1iApMOg9gQkdmUAOa0APBAIn2pgBDkAKQB8UwBuUJgAyBSBphCAY7DtQEbsICoBG7ABCCB+z2lMAgfstvJSCB2yG8lAIH7GHJSCvJsMckBXfsLuUAgfsM8kBC7Yp5ICM7JcOCAH7NdyQB+Qu5aFMAqbC2E7Ctc0OzBz8w0ogUAAeZ03oDZjjcgLcQcgLcRcgLkT3IC3HI5MAsxvcpBLmKATWmvBVJCWKQODSgBkUgPVpkDgxQA5EAaU5ACwJkByBQ2BZAoyAZArYAQwd6ARYEyBZByUMAyN5IBdWOSnAAYQmQNdhwVAB8lapAPkITIGHZ45IQMOzByTAwMOy+5BgYdldyZGBp2WOSDAP2bXBMDARs/uTAwPGCCYGBwwqAd1KEjwykIHZUA4P3aqCRdZ3oAiTv8AcpwAh6YAc6YAA9MAeHJgAzpgC6xMABkQBzpkCzpkC6xMgbnUAXWHkpwBdagEJL5pkCMh4JgADzzQDs/egCH96YAg/vQBz96AWY80As5TAAXIBZkALQA0QAsIAEhADMEIFnHNAQiQoAGUoSM+UE8kAevKAJnPcoyBNxB7kyA9ee5TkBZMe5MgJmPcmQATHuUAd1p7kAHTHuQDeuPIIA9aUAmyFTkBMx7lAB1pQBMh81IHZvyQAL6QBDkAS8oBGQoBF6ARegB1hQDi8oBZkAjIUBobHwjZS4Ovsi9NEINT9hxfe8/9lBAP2FF97zH9kAf2HF97zH9kB//Z"
Plough 2 Furrow,,3,235,50,,,"data:image/jpeg;base64,/9j/4AAQSkZJRgABAQAAAQABAAD/2wCEAAkGBxIQDxUQEBIVFQ8VDxAPDw8VEBUPDw8QFRUWFhUVFRUYHSggGBolHRUVITEhJSkrLi4uFx8zODUuOCguLisBCgoKDg0OGhAQFyslHSUuLSstLS0tLS4tLS0tLS0tKy0tLi4tKysrLS0tLS0tLS0tLS0tLSstLS0tLS0tLS0tLf/AABEIAMsA+AMBEQACEQEDEQH/xAAcAAACAgMBAQAAAAAAAAAAAAAAAQIFAwQGBwj/xABEEAABBAADBAgCBggDCQEAAAABAAIDEQQSIQUGMVETIkFhcYGRoQcUIzJCUsHRM2JygpKisfAVY7IkJUNTVHPC0uEW/8QAGgEBAQADAQEAAAAAAAAAAAAAAAECAwQFBv/EADcRAQACAQIEBAMFBgcBAAAAAAABAgMEEQUSITFBUXGBEyIyFGGRobEjM1LB0eEGFTRCQ2LxJP/aAAwDAQACEQMRAD8A9lQJAIBUBQJAkCKCJQRKCJQQJQRJQQtArQAKCQKCYKCQKCYKCQKBoBAIBAUgECpUCgSApBntAWgLQJAIBAkCKCJQRKCBQQcggUECUCtAWgYKCYQTBTcTCCQQMFUFqB2gdoBAIGgVICkCQZUAgEUIhWgECtAigRQQKCJQQKCBQYygiUAEDtBMFBMFBMFA7QO0ErQFoHaBoC0DRQiGgEDtAWgLQFoC0CtAIEUESgw4rEsiYZJHBrG6uc400eakzERvLPHjtktFaRvMtXA7WgxF9DK15bq4A0WjmQda71jW9bdpbc+kzYNviUmN+zHh9s4eV/RxzMc/Wmh1k1xrn5JGSsztErfR6ilOe1JiPPZtFZuZAoIlArQAKCQKCYcgkHIHmQSzIHmQPMgdoHmQMFA7RTtENFCAtEK0UWgLRBaAtAWgVoESg5T4ksvAjunjPs4fiubVR8nu9z/D87av2lw2zMZnlxTg0MzYCYBrbDRlbGDXjlJ81zVnff0e3nw/DrjrM7/PHf75lt7CkBxeGAaAWyAFwJt5LnGz4AgeSmOfnrDdr8cxgzWm28THbyeoFem+CQKCJQRQFoC0DzIJZkDDkDzIHmRUg5A8yCQcgkHIGCgdoJWgYKCNoC0BaILQFoC0CtAWgVoOY+I7f92TEcW9G8eT2/mtGpjfH+D1OD35dXWfun9JePxzkGGnm3MbnLXcc+a2urjelgrg7TMPqpnmpS3f5odfseaCNpxDnnp4ZGubCTkDwCNASNb11GgrXv2Y+WI557w59ZfU5c32atfktHfZ1sG+UBFyxyxD7xjzxfxttdMamvjEw8PJwPNE7Y7Vt77T+ErTCbXw836KaN3cHgO9DqttctLdpefm0Wow/vMcx7NwhbHKiQgigVoC0BaKYKCVoh2imHIJAoJByB5kEg5Aw5BK0EgUCtArQO0BaAtAWiC0CtAWgpN82ZtnYgf5Jd/CQfwWnPH7OXfwqf8A68frs8Y2ZgGnEtaGDM7pA0V9oxuy6c7pclY5o2fT54jHbm8N4n84W0D4i9vSNLoc7ekF0XR31vq68OS54vXfq9bNS9sVuSdrbdPV2z9wMMQH4aaaEEBzSyXOxwOoPW1PqvQ+z0n6Z2fGV41qaTy5Yi23nCsxe5GMbqyaCf8A7sRif/E2z7rXbTW84n1d+Hj2Ltakx6T0/CejQMO0sL/wcQ0Dthl6eM/udY14rXyZadt/aXVGq4fqOluX3jb84ZcNv1NGcspaT2tlidBJ/Lp7KxqL17sbcF0maN8c7ek7rrCb8RO/SROH6zHNmb7UQttdVHjDgy/4eyx+7vE+vRbYbeHCyaNmaHfdf9E7+alurmpbxebl4ZqsX1Y59uv6LNpBFggjmNQtkdXDMTHeDVQwgaAQSCKEDtBIFAw5Aw5BIFBIOQK0BaAQO0BaAtAWgLRBaCr3no4HEA6D5eUeeU170tWb93Po7eHTMarHt/FDyPZU7YcZDK7RrJo3OPJt6lceK20xu+u1+H4mK0R3mFnvLDC3EF2GkY+KS3gNcHdG++s3TsvUeJHYtGppWLb17S2cIz5b4eTLWYtXp18YdBuZvJHFEYMQ8NazWJ7jQyniwnuPDuPcunS54iOW0vK43wu98kZsNd9+8R5+fu6F29WC/wCpj/jC6vjU/ih4ccM1c/8AHP4MDt8MFmrphVE5gCW8aoUNSp9opvtu2RwnV7b8koYjeTASNqSRj29rXMzexCTmxeMrHDNbWflpMKDGR7Fk1yhp7DEHw15Noey0zOCXfipxbH239+qnxWAwYH0OMnA+7JCJ2+2VarVxeFno4tRxCJ+fDE+k7K2PETQP+hfp2PZ0sBPi0Aj+q1x8s9LOu37av7XD+k/3WmF30xzNHMzjm5rDfm0sPqttdRePHdwX4Rprz0pavpMf3WmyN+ZM2XExdSielBAdfYMjbHutldTP+5y5+BdN8Uzv5Tss/wD9vD/y5P5fzWz7VRy/5DqPOAd94v8AlP8A4mqfaaL/AJDqPOHKb07Zfi3xuYOj6PpAPpCDTi2jY7aGq0ZM3N2erouF/AiYttO+yO6+18T85DC7ESFjpcrmGQyNIHYc16eHemLJabRG5rdFhjFe3JG8Q9Xteg+PFoC0EgUDBQSDkErQFoC0DtAIC0CtA7QFoih32P8AsL+90Y/mC05/ol6XCP8AV19/0eRYs6Lzol9xkrvCGHesJKS3WOzD2K09nVHWGNwrRbYndqmNitA7VU84Q2Lpe/3Q2TbMOY9VU2TEw5j1VYAvHP3RN48y6Qcx6hE3jzSBVN480ZJWtFuIABokmgE2ljbJWsbzLJudIJNpQ5TdPkd72PZbMMT8SHm8Qy1nT3ms79HsVr03xQQCB2oGCqJAoJWgLQFoC0BaB2gLQQkma3Vzg0cyQ0e6kzEMq0tb6YmVZid5sHHo/Ex3yDs59G2tc5qR4w68fDdVk+nHP4KPbO/eA6JzSHytIotERAPfb64cfJa7ajHMbd3bi4Pq8VoyTtXbr3/o8vxB42fPmvNju+0tHytWHEHQa+35LZMOKt5jxWGGlc19PBF1djKdeB8FqvV14rxPad23i2lzeqacNbrSu1SjZl35d4lebl7stnc75pwcMrZI2xykdXUODq7bLDx/Fehi09bdZfI6vjGel5rjnpHnH93bv2Ls+BoD4sO0AAZpAwuNdpc/UnvK3/Dx17xDzY1muyT0vb2mWjNtLZMfBsB/Yw7Xj1a2vdYTfDHk6K6bieT+L3nb+bQxG9+Cb+iwgcewmOKMeup9ljOfHHaHVj4NrLfXk295lWT77yn9Fh4I/FplPtl/otc6mfCIdtOA0j68lp/L+qH+N4iaM9JJ1SOswGKKMRXTnFob0jgDpoe1ZVva0byl9Bp8VuWK7+u89fLycri8O1pygNHXAsDSr4ai/Vct+kvYxRHJG0eDdx2ADIY5S+Mte5tNY4SFt2dWjX7J4DsWdscxWJcePXUyXtjrWd6/myN2fA+RrMzpmvc1gbEAyS3N+0144W5osHsctsU2tHVxZdTlyYbzGPaY8Z/k9Kbu5hpImMnw0TnNbX1B9HZJLWOGrW2ToCu3krt2fLxnyRO8Wlh2fuhhcPM2aFr2ubmpnSufHZFXTrPusIxVid4b76/NfHOOZjafuXy2uMrQFoC0DtQMFBkVAiC0UWgLQcPvhvHiYMQYonhrAxjh1AXajXUrh1Ge9L7Q+n4RwzT58MZMkbz18XLYreDEvHXxEngH5B6Npc05rz4vbrw/S4+sUhWzTlxskuPMkuPutUzM93ZWK17RsrWz/S5Twy3y1WUR8u7RfLb4vJ4bNh7Gnhfjf4V+Km8LMTDPgmxZXCZsjnFtRuY4DK7m4HiFlSa/7mnUfado+DMffv4qoYSQPBFaa2HN0PZxW2LVc1sWTtst55ZMQG9M8ZmANBAbeUVxI8OCmTJzdGWh0PwInaZ6+bMGnhmNch1f6LU9WY3hOGR0LSyNzmNJtzWucxru8gHXzWfNbtu5q6XTzPNFImfSJZxs9z7LKJbC+Z2p1awW+j96yBl8Oa23xTG3o8zRcWxZZvG21YtER027/wDk7tmDYbtemOQ11GB0bnyOIcQ0dfQ9U0O3K4DWrVwz4t2bidf+KOaPGeu0fkjtfY4w7C7OXXLkY3JlttydYm+TAeH2vWZMcVjfdlo9dfUW5eWI2jeevp/VUsBJoak8ANStUdXoWtFY3mejrtl7tTNFPbGTmLg4R9OWDKRlBflZqSHaE6tXZjx3jo+c1fEsF7b1mfx23/X093Mb3YQYKeKFwfTmtf0jspslxB+rw4Dn4rVlw7S69LxSMsdY8dunh5d2udVreltEeC33VAONgH+bf8LXO/8AFbMXW8Q4eJTtpbz9384er5l6L4ciUCtArQFoC1A7QMFBmVAgEAgEHl/xDP8AtjgeBiisd1EUvL1fTI+14FXm0nL98uVfIKvSuN9gXPG8vXtFIjae0MPzLDoHD1V5ZY/HpPad2vjIXsySgAteHhuvEsdTtfMHtW+tI5Ory82qn7RNaR1iIZGY4UMzHC/Ahapp5S6q57THzVmG1FjYj9qj36f1U5JbIy182zG0OstIPgQVhNZb65K+bHhnZXZiLAIscLHK1Yjaeq23tE8k9dljtPERySudCzJGQ0BnaDlAJ0J4m1tyTWZ3rHRr0ePLTFFc1ua3XqMbipcQA9zbbHGIy9rDka0Em3HhfW5rK1pttO3Zq02HDpd6Vt1tO/WevVbbu9NO89EGUW9G8ykm4zrI1pynU1x46E81vpe2SfleFm0Wn0FJjJa0zM79Nvbfz23n13dJNu7JJI978S9jXjKYohXV6xIMjtTZe88PtdwrdOGZnfdwV4njx0itcUTMeNv6R6Q2Id18KDmex0rvvSyOlJ7e00sowUjv1ar8W1MxtWYrH/WIha4fDxxio2NYP1Whv9FsisR2hwZM2TJO9rTPqylyya3CfF3Z3SYNs4HXikAJ/Ufp/qDPUrRmjpEvS4deea1PON49Y6w4TBzZ42u5tC8+Y2nZ9nivz0i3m6jcZwOLY3IM4MkglzG2tEZBGXhrfHv9ejTTHN17vI4zXJGGbRb5ekbfe9Otd75IrQK0BaAQNQFoC0G1SodIhUilSBFBr4jBxyG3xtcaoOLQXAdx7FjNYnvDZXNkpG1bTEOP343XnxIaYCJKa5hY9zWOAuxlIABHHjqtGXDNrRNXpaDXUxY748m/zeKz3Z2AIYXiaGJokfnOHDWyMjqx9Y8SWhg5dXxW6tenV517zzdLe6i2puXJiJhEZI48O10sjOihyvaHZLblugNBqDxB01WicNpt1no9KvEcdK71pPPtETMzv2YcN8Oba4SYl4eHEMORrmlvMj/6n2WvmzjjmbxrEtHF/DrEN/RywyftB0LvxHutc6W0dpdNON0n66SpMbubimfWwriPvRlso9Ab9lhOHJXwddeIaTJ3tt6wrMEBqxjqABcWkC7BAIHI/kVptHjMO/FkisxXHPSWwQ6hdAOBLbNkgGj4a36LGYmI32b8eauW01i3WO65wO0JsPg3wC8j5A5kjZm9TVpczILq8t3p+ez4s/DmuzknQ0tq65d99o6xML/dfa0j2sw3RscXSSSF7sws5CbLmEEGm0PFbtPfeOXxeVxnQ2ra2eJ+WIiNnX4NjxeYADsAkfIP59RXjryC7axMPnJltWsmKu2nt7C4VwbiJ443OFta91Ejhdcu9BuYTFxzMD4ntew8HscHtPmEGjvThulwM8fEmB5H7TRmHu0LDJG9Zh0aS/JnrP3vFdku+jI5OPovNv3fb6Ppj5fKZdn8OxeNPdh5D/NGPxW3TfW4OOztptv+0fzemL0Hx4RSQCAQNQCBoN2lQUgKQKkCIQRyoIkIIlBAoIlBobbxjoMNLMxoc6OJ8gabAOUXrSCv3U3ibjoi7LklYQJI7sC/quB5Gj6FQmHlm9GD+W2rO0CmvcZG+Dxm0/iryXDmjvD6rhl9+W/nG3vHRpujzAWTpwo1Vrm5pex8Cs9Y6T9ztN39z2YnBMmEj2TEyDWnxnK9zRbdDwHYV0009clN+0vG1XFsuk1M4+9Y27+nm6Hd7dh2GlEj3tdlaWtDWkWSKs3w0J071tw6eaW3mXFr+MRqcPw60237ulAXU8OTRHkHxhgLcdE/sfhQ0eLJH3/rCjKHO7s7dlwM4liPVJAlivqSs7QRz5HsQe74HFMxMDZYzcckdjnRFEHvGoPgncrO07vD9n4d2ZzGguPICzoa/JeTbu+/w2iteae3d3nw6wT2YiVz2ObULWi2kDrP7D+57Lq01Zi07w8Tjmox5MVIpaJ6z+jvl2vmggEDQCBhA6QNBvIBA6QKkCQIoIOagiWoIFqBFqDBjMN0kb4zwex7D4OBH4oPJPh1i3Q49kZv6QSYd7eTwC4E+BYR5lRlPZu/FPB1i45fvYfX9x5/AhcWq6WfScEnmxTHlP6qzZeyopoyemDJOsacAGACgASSOs4nmKA7eC048PPG+7s1nE50uTlmm8dPzem7qbPdh8FFE8guAc51cLe4uoeF15L0MVOSkRL5jX6iNRqLZK9pW2VbHGKQCDgPjBs7PhoZwNY5iwn9SQf+zGJLKHlohI4hRdnp/wAJNpXHLhifqETR9zXaPA8HAH99Es43HS9BjcQInFjY8VJGw2c1NcHcRx1C4cmPa/yvptHqviaa06ido+n8vB6zurHmw8U5kdJI+FhkLqpry1uZuUAZaqqXbTtG753NtF55Z6b9PRdLJpCKEDRAgaKdIGg3kAgaAQKkCLUCIQItRESxAi1FLKg8ShkEW187eH+KED9l+ILT7OKjPwdl8V2gYeEHtndr3ZD+a5NX9MPa4B+9vv5OF3KnYdoRnMwNY8l4fMGPcADWVrvrakdvYVMOG1Zi0yy1/FMWStsVafdvL26Jwc0OabaRYPNdr5+UqQKkCpBy/wARQDggw8XYiGv3SXn2YUZV7vKtqEOOnEkBRmzbn7X+Uxscn2HHope6N5bZ8QQD5Im26h3gx/S4qZzD1TiZntc0/Wt5IcCOei10pETMy6NRqZyVrSO0R+ez2r4dQP8AkIppS50soc/M5znHoy4iMCzp1Q0+a2Q5JVO9+/gY/wCUwH0uLc4RdI0B7WPOmWMcHv8A5R22QQBELjcLZWKw+Gd87I58sknS5HSGUwggdUuJOpNk1pZ7UJdMqgQNAIGii0G3nQPOgM6B50BnQPMgWZAsyBWgLQau08YIIJJncI43P8SBoPM0EHz7NM7NnB+kziQOqznBzXXbrqpLZHd03xd3rimEOGgfmkjPSTvbRYC5oGQHnxvlw51hNYttuyx5r4otFZ236ezzrY2COJxMMHHpJ44zzp7gHHyFnyWbU+m9qbRhwkJlmeI4mgCzfk1oGrjyAVYq7dXeeHaUb5IA9ojl6Jwfku6DgRkc4EEHn2FFXRRESg4H4k48ZmQg/VaZHftO0b55Q7+IIzq83nks35D8VGTSndlY53aLo9n92iNPAYWOW2unbC6uoXscWOeSAGksst4k3R4KMd3oe1d45sa5my9ktcIWsbC6SiwviDcluIH0UQHbxdp4Go7HczcyLZ7c5PSYtzQJJzqGc2RCuq33Pb2AUdRSARCtAsyKMyAzIFmQZ+kHNQSzjn7oJB4VDDggeZA7CBgjmgNOfugLHMeqAzDmg4j4g7Q6QfKMPVGWXEuHrHH4k04+DeaMoh5TiG6vdpUbHy68OqNB5uyjxKkrLlXTBzi4tq3EkN6rRfYB2DuUYus2HjMHgZYsbE+SV8bXO+WfF0YExjLQel4FgLjoAXaDyovNn7Fxu3ZRicY8x4QimuFAubercOw3kaSNXHjX2kTd6nsfAQ4OEQ4aNscY1oalzu1zncXONcSg2+nVRrbQ2nHBGZZnBrG8T2k8gO09yLDxXbW1X4mZ73X15HHhrkvqtHKgAPJRm0nmzl7ON/dCKrNpTUejbwoX4dn52jFsbtbDdjcU3DRua0kOc+RzQ9sbGjUgA68QOzUhEe77ubBgwEPRYdtXRlkOskzwKzOProNBZpEW2dAsyAzKiJKBWgWZAWgMyDEK5+ygmKQSFIJAhBIIJWgLQK0ES5FVu2tqjDx3Yzm8gPAUNXHuHvwSCIcFLiS8HiS4mr0c5ztXPd3n2HtkzcVvBiWx5oR1iS0yciBqG3yujXcOCxljMufvXM4anVrcvVI7PJRHoHw13dixWbFYpucMk6OOEtHRvcGglzh9oCwAOHiqkvVhMBoKA4AVoAgOmHNAdMOaDyTb20MRiMS/puMcroxEP0cYB0oHjYo2eII8EZwrsTFQ9QddL5+HZ6c1Fac8+VgPtf1jzPcibqtgfK/K0F0j3VQFvkcTy7Na0VR6h8NN25MG5+IxADZHsEccdhzmMsOcXEaWSG6dyMXoDZgUGVr0EwUDBQBQK0CtAWgLQa2dFSD0Eg5BISd6B9J3oH0negiZRzQY34gBBTbc2+IMrWi5Hh5bf1QG5bJ83N07+5FiHK4uZ8tySOJ6wv3AodiyZKXa21Rh4KAudwIGtloJ5/36ClN0lwheXkk8SbLjwHioxZsDs6WZ30bHO5mqA8XHQIPVd1YzhcK2JxGe3vfRsZnOJq+4UPJEXHzyAOP70GCTaddqDkN56MzZwaDgI5f2gOo7008moyiXNY/FAEgGydCQdB6dqizKWC3enmokBjb4vJuuYaNfLRVju7TYO7sEDg/LnlBsSOGjT+o3g3x1PeibutgeUFjCg22IMw8UEwe9Ar70AT3oFY5oDTmgLHNBn+SZ3+qKfybO/wBUD+VZ3+qBfKs7/VAjh2cj6oMT429/qg1pg3+yiK7EyN/soOT268GeOuyKbt7S6L8kZVc3t7b3RgxMIzAiyODD2339ysrMuVYybEuOVrnE6GhppoLPAeaxY7rvAbnOdRldlbQtjes4nt63Ae6G7scBs0RsDG5qHNxJ114qo348IO/1QZDhh3+qowSQeKg1ZMKTz9UGhtTZMkkRZHQcasuvQcbHfwUlYQ2Nua2Mh77fJxBOjWn9UfiVSZ3dPhtjjkURaYbZLR2ILKHZrR2e6DcjwLB2e6DOMIzkfVVUhhWcj6psh/Ks5H1QHyrOR9UC+VZyPqgPlWd/qgfyrP7KA+VZy91Bi6VFGc80C6QoAyIMTnlBryuKI05gUGjNET2IPPt5Me6bFDD4MOkkDXRyOj1qyMwa7gKrV3Ac0ZROze2PuC1ozYjruuxF/wANmnb989/DuUSXUQbDDRQaABwAFAeSqNuPZQHYg2GbOQZBgEAcAgX+HKht2YOSgzM2aOSDYjwIHYg2WYYBFZmxgIMgCCSB2qC0QEopWoh2qFaAvvQK0Gln8FFLNyQBPeUAgTvBBjcB2IIFiBOhB0Oo4dxQa+C2XDA3JDGyNt2WsaGC/JCW2IQiJBoQPKqqQHcoJFAUqJAIJgIJAKCSB2UBaAQAQO0CQLXmgWqA81UHmgj5oCkGIMUU8gQSyoCkBl80CockDockBpyQAA5BA6HJXcGigDXJAKgUAQgYQSCAvvQCoaAUCJ70AT3oFm71Qs4QGYIIFwQGZEGf+6QLOgRf4oEHIpF5QO0DMiALigWcoDOVBLOUEekPJAi9As3eqHZUCzFAF3YqFagkD4oHmVDBQF9qAzBAZkCBQO0BaAJpAi5ERL0Cz9yBB5QGcoEZP7pBkUUnHigGnVAggYPFAEoJX/VBEnVUNx0QD1BC9QgJDXDmgV6eaoke1QL8lQBBJotABqCZCCKCRQJAnIE5A60RCdwQRtAEaII2gROnkgWYoP/Z"
Potato Planter,,4,560,60,,,"data:image/jpeg;base64,/9j/4AAQSkZJRgABAQAAAQABAAD/2wCEAAkGBxMSEhUTExMWFhUWFyIXFxcYGBgaGxoaGhkYGBcYGBcZHSggHhslIRcZITEhJSorLi4uFx8zODMsNygtLisBCgoKDg0OGxAQGy0mICUvLS0tLy0tLS0tLy0tLS0tLS0tLS0tLS8tLS0tLS0tLS8tLS0tLS0tLS0tLS0tLS0tLf/AABEIALwBDAMBEQACEQEDEQH/xAAcAAEAAgMBAQEAAAAAAAAAAAAABAUDBgcCAQj/xABCEAACAQIEAwUFBQUIAQUBAAABAhEAAwQSITEFQVEGImFxgQcTMpGhFEJyscEjUoLR8DNDYpKissLxUxVjo9LhCP/EABsBAQACAwEBAAAAAAAAAAAAAAABAwIEBQYH/8QAOREAAgECBAMFBwMDBAMBAAAAAAECAxEEEiExBUFRImFxkaETMoGxwdHwBkLhFCNyM1Ji8TRDkiX/2gAMAwEAAhEDEQA/AO40AoBQCgFAKAUAoBQCgFAKAUAoBQCgFAKAUAoBQCgFAKAUAoBQCgFAKAUAoBQCgFAKAUAoBQCgFAKAUBF4pixZs3Lp+4hb5AmsZyyxcuhdh6TrVY01zaXmVvY7itzFYYXboUMWK92YIUxOviDVeHqOpDM0bfFMLTwuIdKm21Zb9+peVcc4UAoBQCgFAKAUAoBQCgFAKAUAoBQCgFAKAUAoBQCgFAKAUAoBQCgFAKAUBzvt92wtkXMHbVi21xyCFWCCVEjvExHTzrRxVdZXBHpuC8Mn7SOIntul17+4i+zrtlbU/Y7xCjMRafbUknI/iSSQecxvEsJVSioMjjeAcpvEQ16rw0uvquW+227cY7T4XCyLt0Zh9xe83qq6jzMVs1K0Ie8zkYbh2JxOtOOnV6LzZ77PdoLONtl7ROhhlaAy9JAOxGoP/wC1NKrGorojHYCtg55KnPZrZ/8ARa1YaQoCv49xH7Nh7l7QlV7oJiW2UepIqurPJBy6Gzg8O8RXjS6vXuXN+RH7Mcb+12RcZVRiSMobNsYnYHXyrGhV9pDNaxbxDBrC1nTTvtra2/mXFXGiKAUAoBQCgFAKAUAoBQCgFAKAUAoBQCgFAKAUAoBQCgFAKA4t2yU2+J3YCSXVlzwU7yKJYHSJnfpXJxCarP4H0Dhko1OGRu3ZJp5d9G3pbW9jXlaJUmeXUSDuDz86172Oq4RnaVvQ8JcPeAJ7wIPjPU0W5NaKcdeRN4HxR8G9vEpcUaw6ExKaaamDOumhBAq2lJwalE52OVLEQlQqR8H3/S3PqbfxL2wINLGGY+N1gv8ApWfzFb0sUuSPN0uAv/2T8vu7fI1bH+0jiF7Rbi2x0tIP9zSfyqiWImzpUeEYWG6v4v7WKzC4i7cuFr91nYDQO5aCfMwOe1a1WUmtTrUKMIe5FJdyIeODi4XUnU6EGCI0jfwqUrIlSTTTJOB7Q4+2f2d++PDMSP8AVIq1VZrZmpUweGqO0qav4W+Re2PaTxGyQtxrb/jQajzQirFipo1KnA8LLk4+D+9y6wntgfT3uFU+KOR9GH61YsX1Roz/AE/H9lTzX8/QvMH7V8E3xpet+ahh81JP0qxYqD3NOfAsSvdafxt80XmD7b4C78OJtjwaUP8AqAqxVqb5mpU4Xi4b038NflcusPjLb6pcRvwsD+RqxNPY0505w95NeKM9SYCgFAKAUAoBQCgFAKAUAoBQCgFAV/FuMWcMAbrROwAJJrCdSMPeNnD4SriHamrmsY7twx0s2wB+8+p/yjT61rSxX+1HWo8GS/1ZfBfd/YpLvGr7NmN558DAHkBpVLqzbvc6EcDQisqgvmS8P2mxK/3mb8Sg/UQayWImuZTPhmHlyt4P/ssrHbVx8dpT4qSv0M1YsU+aNWfBov3Z+aOf+0LGnEYv3ttIHulDBiAZBbURIiCN42rVxE4zlc7/AAmhVw1Bwunq3o33dUa1ba5MZG9Ib8jVLiuTOnGs4+9FoxtigpkyNeen50UWJ1VrciPeDkqSO6ndk85BJA6mP61q+Kyps4la9SrBW2137n+eh6t4wMJPPwA+g0FVSi0zo0Jw9nFLZLnufXu9KWLHKK2L7CFSTKF+6SAuhmJDGASVG5HQbiq/EvnGyTg1HVXb6dN1q+XyPlu0rKZA5HTTWddayU3YplhUqmZOWvK+hIzBSRlBBBAmdDIgwNyIjXrUyepMKKjDs6a3ff8AFkO8A41EgcyNielY3LpqDvFvUgPhVPKPIms7mkePsQ5MfUA/ypcXPrYNuo+oqDOMrH21adTIBB6qf5Gm2xZmUtGWeF7RYy18GIvL4FiR8mms1VmtmyipgcNU96nHyt8rF1hPaNj03uI/40H5qRVixVRGnU4Fg5bRa8H97l1hfaxdH9phkbxRyv0IP51asY+aNGf6cpv3KjXir/VF1hPanhW/tLV634wrD6GfpVqxcOaZpVP09iF7kovzXzX1L7A9scHdGZbwAMAZ1ZJJ2ALAAnyq2NaEtmc6rw3E05ZXHyafyL6rTRFAKAUAoBQCgFAKAUBUdrrOfBYgf+2T/l736VVXV6cvA3uGTyYum+9euhxVSRsSPI1xj6I0nuZPtjqJknw0NSpMrlQpvkZrXE25qPQ/99KyzsqeFVrpklOIrzBH1qc6K3hpLY+XRaubwTEA7GodmI+0p7EThuHAeSe8pkdCKxjuX1p3jpsyUmAQbjN5/wAqyUUUzrSkBwuzmz+7QNBEhQDBEESNasUmtmaVXD0qms43K652Qw5+E3E8mkfJgT9anP1IVLL7rId/sc33L4PgykfVSfypdGd5kS3761pBkAqSjbjYjkYPSqXa+jOpHM6aU432fJ6rZ680e7GJOxUj0P8A1WNrF6qRlvp4kq9eHdM8x+lZMi6SZFS9mzLmIy28wA5nMAQPSdv0rJRsmzQr171qcIuzum+9NS+qXmupn7rHRYB2EyR/FpPnWGY3I0I5Fm1fNrT01JNi0oE8+prJPQw9kkyLfbvHzqSiekmeVahCZ7FyoM8yPdqwbnwpm8YEDzbYfOliJVVHd/ngezw5PvOAelvvH1Y90ek1koke0qPZW8ftv52Mlq2ifAgBH3m77fM90egFZKxi6bfvNv0Xkvq2bx7McMXv3bjDMFQKGbWGJmBO2grbwyu2zg8elGFKEFu238F/J0ytw8uKAUAoBQCgFAKAUAoD4RQHOe2fYAmb2C7p3azOh8bfQ/4dukbHTrYe+sT0fDuMtf2678Jff7+fdy5sbdRsrjwIZSD8tK0cqPTxqtq61R7s8WXmpHLQz+dY5SxVbkq3xG2fvR5iKjKZKSJKsDsQfLWosZXPYJGxIoQ0nuZFxbjnPnS7MHRg+R7GPapzMj+niZLXEwedMzKnQ6EtMUDsR86nMyp0muRCxuFWCwGu/hvrpWDNijVldRb0MODsgLnzbqVM+IIqVcsqzvLJbmmRL+UKxgPlBOo0kCf0rKKJnqncx8Ash8Rdnb3FxgASBmAlYA/6q2nFSTT7zk4+pVo1ISg9G4rr4mDCHQVrnfS0sTD8AP8AW9ZcjD9xFt3gSwa2pgwCCynYHWDHPpU5rGu6GeUndrX6GdcPbYjW4k/hcD/aalSTKp4epFXTT9PuSEt21+FMx/eumfkghR6zWehjGhJ+8/LT13+R9u3Gb4mJ6DYDyUaCly6NOMfdR5FCbD6+W/p41JgztPZLhH2XDJbPxnvXPxtqR5DYeVdOlDJGx4HiGK/qcRKa22XgtvuXNWGkKAUAoBQCgFAKAUAoDVe0Hb3C4XMO/ddZBS2paCOROwrFyRmoNnMu0XtWxV2RbK4ZOgM3DOwJju/Sl7mWWxor8WlLqk3TnZXDBvhGaWBDGT92I2MnWYqGkyYylB3i2vBtfIpv/UbimM0/iAOnnvVbw9N8vI36XFcXT/ffxSf8+psuMwz2cPZxDNZYXUV8iXP2gDTqbZEgAjfaqpYRcmb1L9QTv/cpp+Da+d/mV9nHoWABIY7euu4ql4aottTo0+N4SXvNx8V9VcvMNdu5MylmUaFgCwB3IJgxvWvNKEss9H0eh0aGKp1lelNSXc7mUcRYbgH6VGVGzna3Mi8TXmCPr+VY5TJVEerd9Ngw/L6GlmWqUeRMWsTFnoORsSKkhpPdHxjMVnyCVjE4lCPAj86IVFdMr8PedBnVipZMpKmO6yjMpjw5UzNN2NeMaNZJSV8rW/J/UyohUwQVI5EQddRofCsGrG9TnGcc0XddVqSj8A/rrU8jH9zIVr4n/F/xWolyFPd+JOsbj+uVI7iexacKwS3SQzZRmAmQIABYmT8ta26dNSi2zg47H1aOKhSpq6yyk111stO5r115Fg7YXDFrZQ3nVobMqbjcZiICyNhJ1MzplnsQ0erCWLxSVRSyRa0s3t4c33uy6W50Nx8xLHmSfmSdPDWqbnVUcsVFcrLyNk9n/CPf4kOwlLMOehb7g+YzfwitjDwzSv0OPxrFexw+Rby0+HP7fE65XQPFCgFAKAUAoBQCgFAKAgcet32w9wYZgt4r3C2wMjfTpNQ9tCVvqc74R7NMRcc3MXiMssWKW4ZjJky7CBPgDUW6mTl0K3tjwC7gDcYF2wlxCuZZnNIK2bw2yMdnHhI64uKMozfU5hiLeBLkF7llgeYJXruJ60s7aE5o80S73ZlDbt3LBNwsWBZmUW2ykZRaAEhgCMwJMSIpeXMnsN/n55FVf4TiE+K1lgfEOe+5HPUa+HzZkTkb2syw7Ddm/tGIPvbgtLbQuAzKrXGghFtzuJGpEwPMVlpJNImMpUpxk1zRYqIIYAiSJKkqYK7Sutcv2sr2vp0evoz20+HUJq8qav1Wj81Yi3HVWyqSOW5I8q21Gc1ecU/R+h52eKoUZ5cNUqRXXNmj/wDMr6dNT3iMagVQ1vKxGjBmIOXQypJ18o8q1o0YOTeZpdLJ+T387nSeLxdOyThO/jH5aGBcSp1/r61k8Ov2yXx0LI8Vkl/doyXfG0l9DzYx67q5HzXf/qsJUKi5GzS4tg57VLeN189Cfax9z97MPGD9aoatudOnPMrxd13a/IssDjM/dOjdOvl/KpRkpXJaJ+dSiZMoLFkkCDuveHWN9+Yg6ijetjXillU725eOtkZboZnZlcrJmIBWJ00InboahzT3RMaM4rsTaty0a8rfJok+8uKAGCsOqyp+RJH1o8rWhlGdaL7Vn4aej+54wzAuw6kEA6H4R18jWMlsX05p5iwtbmojuJ7GQ1YYHmKlBgmpMTs3Yzg/2XCqrCLj9+5+I/d/hEL6V06MMkbHgeKYv+pxDkvdWi8Fz+O/xL2rTnCgFAKAUAoBQCgFAKAUAoDxfsq6lHUMrCGUiQQdwQdxQH517SdgsTZF66qW3tgZiEJZhblhmIZZy7SBMR61TGak2uhc1YobjWmOSznW3oQlxgcrMoDwQI3ESAJAXoKzaI8TeuA+zG9dwdnE4XiLzdtq/u3UFJIGZZJMRqPhO1ZFZvKezqy9hFusRdyD3hU50Lgd4hXGxPLSsXTi90ZxqyjszlPFOGW0u3bYzIbdxkJTug5WKzkGnKtR1Kblle9+ep3ngsZRw/toSTg43aTa0a102ZUDhysDkvKSdYJg69R/W9bXaOL2e9epjPB7tx1tk20Ik57j5EPgXIgNpoOZNUOn2m+p0o49RoxgtXG9teT5fD5FYLqqCLpuoywbeUKBJMsXY7abRJnpFWxiuRo1qtSV3LZ9Nv5I9u0F8zv4+m1WmuSsNcIB7rsqwO4s5AdBJG0kgCarbbdr6dGXp0oR7MXm6ptW8tzzY4obZhj7wSCd5USJjX4oB5kd71GEqFOXI2aPFMXSdlUb8e189fU3niOFvr722qEm0AXYGRBCENsDrn25R61UsPDXc33xvE9jSPV796s9dNr+XIrMVgQhKI4uAaKQpUsOZKn4Yk79KrlhHumbWH/UMUss4ddn9/uYMXbdYZmJJ03JiBpr5aelYVqLgk29zb4bxCGIcoU4ZVHXTbV9CysmVXyFUI6zMTA6gaSIPiJBj6D5VJhOKk1flr9PqYwjqZVj66/nSwafJkq7idGuZQq58qoDmIXLOYk6wNBPMk9KytzKoVZxkqctdL35b/mnQz3kZCFuI6MQCAykEg7QCNfSsnCUd0TSxlGr7kk/ibF2C4T9oxKkiUtftG6Ez3B89f4asw8M0/A0eMYv2GHaW8tF9fTT4nYa6R4YUAoBQCgFAKAUAoBQCgFAKAUBScOtZcS48GH+pWH0atanpUaL5600zmnF+E2MFx21ktr7q8BmtkAqDdFwaA6AZkXTYTp0qysuyzGGp1XgRHuso0yswgcpJYCPJhSi+wRUVpFjVpWcI7b2cuPxa9Wzf5lV/wBa4+IVqrPonCmqmBp31VrerRp+KwxzBtMvTnOuvlW/RqZoq547G4SWHrSgtUreNmrp28N3siLYxlyy6sBnAibbyVZSIEifEEEcwDV5oSR8w3Fb0Q6q4HVYPTWNJ06VjKUF7zLqNCvUTdKLdt7E/BYuzmYMtpC9t1IuBXUQpJABBC3WAIU7yQNJEsqK/aS2f54kS3hMPc0t38s65WgeuVo8dvGps0Rmi915E3h3ALauWuEt3T7sWjlIuaZXO8gdOfWmo7PLUtCgHnz1knzc/pU6R1fmzKMZ1ZKEFdvkiO+L5KP5fLn61rSxSzJQ8zt0uBTVKVSu7WTaitdUm9Xt8FfxMeMabaE6nn9ajGe6vEfp1/3an+K+ZLwzdxfKtBHrTHnLfBB6sdB8+dZGDert/HmZisRqT1MR8qkxSfM2DsNwb7VilDCbdvvv5A91fU/QGrqMM8jncVxX9Ph21u9F9X8F9Ds9/DI8Z1Vo2kAxy0mui0nueHTa2MHDuFWcOGFm0tsMZYKIBMRsNKiMVHZFlWvUq29pJu219SZWRUKAUAoBQCgFAKAUAoBQCgFAKAqMYcmIVuRj9VPylTWtU7NRMvh2oNHLPbYWXG2XUwwtWyvLvLeuEa+ZFbDV9CuJ0/hDFLhVwAW00/eEnTrInXoorXo9mTiyyprFSRd1slBxj2l2MvEXP79tG+hT/gK5WLVqh7z9PzzYJLo2vk/qacFlfKq6ctbX/h9TZx1C8faxjdxvdf7oP3o+Wse9EHioy2O6BIgx1IBrrwu4q+54Gvl9rLJ7t3bwvp6GxdruytnB27N2zcuXRfEkuVIXuhkAyqORO/StCu3NJ9DtcEqxhUlTl+7bxV9Pj/Bp2LtSVET4Dz5RzqKNRrmdHiOFpzjrFbO3LUzW+ENZu2xes3LcghBetOpJgyQGAnKSOVbdSqoo85hMJPEPLC1+925X/gvmxItqO6zCIOQRLZTBg6xmiecTFYQxEG8sfNm5V4PiKVP2tVc12Y6u3Ntq9l3q72vZH21e+6/MAkkEancagaAyJ8KtupLLI0IyqUp+1pXjZ6b6d1+enJ7oi37GUxy/6rnVKTpTXS+h7LB42GMw8mtJKLzLpo9V3Pl5PVC//ZL5/q1beM91eJwf05rVn/h9UZbQzKq8olvASdPM7fOuej1xIBn+XTpWRB9oDs3s/wCC/ZsKCwi5d779QCO4voPqTXSoQyx8Tw/F8X7fENR92Oi+r8/Sxs1XnKFAazwfj1y9xLGYbu+6w6pEDUs4lpP0ioJexs1SQKAUAoBQCgFAKAUAoBQCgFAQuLYfOkjddfTmP66VVWhmiWUpZZHIPa9iBcuYc65lTK3o6kMPAyfKlOeZEyhlZ1Tiy5WRxz/3DUfMD/SarrKzUkTTd00yfbxqFM5YKB8RJACnmCTV8ZKSuVuLTsci9pfELV7F23tNIFrKTBElWY6TqR3t9ulc7GNOSaPafpxShRnCatqn5r+DUrO5Hia1D0C5lTxMkW/AEE+HX0n867FF9mN+aR834hBRxNWMdLSl5X0OidmyvEeF/ZpHvrACrPgP2R8iJQnwNaj3durNyrBUpxlL3ZpN232V7d6eq77HN+JWHU7EG2dRzBDcxM6GP61rGEUtVt+aHWq4iVWKpz95dNpJ6qS7mvJ3R0X2sg3BgcSICyU33zqrj/aamWsH4HN4TL2eJSfVfY1G98I8GH8q0z3EiQ690VMW4u6MK9KFWEoTV09zAHnutz0B/rnXUpzjWhlf5+fweHxWGrcMrqcHo72fVPdP6/BrujsjC2FOpDRpz6H1qMZ7i8fuWfp7TESX/B/OJJsjKoWZP3j49PIbVzz1yPeeouZWNj7BcHOMxKkrNm0c1w8jGqpPMk/QGr6FNzl3HK4rjo4ei1F9p6L6v85nbq6h4UUB8JoDQPZ8+fiPFnj+/C/5C6D6L9axW5nLZHQKyMBQCgFAKAUAoBQCgFAKAUAoDQu1PtEGFxD4YWu8kd9pKnMoYd1dfvUMklzNdxly1xJDhrrC1icvvLRA3DTDIDvEQyHXT1GpJOnLNHb8/EbCaksrKnieE4ncxC3sZce41v8AsreGVsqkEQwmIbuyZBnNE8hM6yasXUMPTes52NjF37ZaC31bC3pgEMhnoVgka/umD0PSjXkXKoqFS9PtLvX5+bmm4zsTjbNx2GW8piCGIc/iR/0JrCcLpHXwfFYKbz6LSxXLK3WR1ZG3ysCDB058q15RaPQUMTTrXyO5CxphTHhodjrBB8CDFdair0o+B4PifZx1X/Jjs9xm5gry3rQlYgqT8SyMyE8jpv1AOtas1aTZ1KNsVQVNrWKVvo+9NG99r+EJjLK8QwYzmJdQNWA0Jy/+RdivMDSYEwjShKUH7Obs1ez6dz/4v+UeuExxTg5sAzesZcni1vv2SJ5Ovcnrm6Vm45dGa8ayVdVForp+qZp189wnyP1rnn0adnFtEgHuVBJFvfCPP9KzjNwd0a9fDwr0/Z1FdP8ALrvR8DELqZPIx9frXSxelP4r6njf0+74t/4y+cTFbuwABJbp/M1zT2Vyx4DwW7jbgtoV3BYyAETm56gbacyOtZ06bm7I1MXioYeGap8O99PE6meO4ThmGWzh4cLoWJGrblmjVifARpE6Vv8AtIUo2ieXWDxOPrOdTTu6Lp0Xx152K7s/7SAb+XFXbaWShKtEHNIgGJiBP0k0oVZ1JbaE8T4fQwtJWl229r8rb26bav4F3x32g4bDXEU99WEkqRIkBlIU6EEGRqOsRBrYzdDiZepo/tH7VW8cLQwuY+5m47ElGUEQNN4038KluwjG569jmMYYtkDkrcts7ryzKy5WzHUnvHXTc70SDZ2apMRQCgFAKAUAoBQCgFAKAUAoDn/bP2c/a7r4i1ey3XglXEoSFCiCNV0A60BzTj/ZrFYTIbtthpGdTKyGOWHHPWROtQZGF+1uMAAW78Ighgpk6yVZlLaaAyTVKoxL51nLWyXhp6a+iRWNibt5pu3rhI130JnkFCgfLlWfs0tjD2vUtP8A1e/aQfZ791YOozZhHijyvyFRKmuhZCcG9SxxXGmxWGPv0th7bKReUlWAYwCLMGdiDDCelalTKro63D8PWVSM4vR3a70t+el9ka3f1tk+H/IVt0f9NHO4j/5lS/X6Ip7d+XZMpYTrAkiOYA6VTOHadzdhiLU4Sho4rfrpqvD6mxdj+0t7A3Qqhry3Hi5amOeVXSdEfbeARoeRE5IKOuhqVJ1cRUvFXt8u/odQwWCtW7pxOEVAGcriUAhidiCAYFxGGaOfeAPek0ap6v8Aghx5SVm9V3/x3mv9v+A5M+ItCbT6vH3GO7fhY6+B8xVFWFndHpeD8RU6f9NVfaS7PeunivVeBqmHeV9KoPQxd0Y7vwnzH8qkLl4o8sdPn+YrqYv/AEfI8PwHTHtd0/mfVACjcNOYFTuCARpyjk0+nOudyPWq7k3dNNbfz0ty9TJc4w1vM2fLmMvyDHWM0fFudPGsoZm7R3ZVVjQpU1KpZRjor8vDnf1KXHcWe4ZEkn7xjQdQvLyrbhh1vPXuPP4rjc2smFWVdXv8Fy8Xd9yMWKwt25BWO6pWAJnnO/j41tqVtLHn5atybu3u3uZMdj2ZyzAwQonfVURIM/hrJMwtYusLjT9lsWgF93cFx7gAjORfdVLRvARQPAVhbVsnMbz7Euz93KnEGdPd3Lboqa5gfeZSTpESh58xVhgzrtCBQCgFAKAUAoBQCgFAKAUAoBQGoe1bDs/DrgWZDIdOUOupI2A3mgRw3FYG5bOR1IYZVMjWcoKxz+Ez60RkeHsMi52Uxt03/L1pcg828TbMLmhjsDpPSDtS6JyvZFjYf9m9ppGbLGg+6xJDE66SY+RqmdCMnfrubuH4jVoxUY20vlbWqvvzs/ijBdQFGjQRt6irYxUVZGnUqSqSc5u7e7MHCeCi5fXMTDMnwNlYC4wUgvlOWAdwDVFaTi1bmzoYOnTqwm537Eb/AJ/2vEXAieEk76nf6nxP0rQyVKjv8z1nt8LhIKCtdcor1tyv1k/iecHxy5h295Yd7bjkACrR911OjDwPpB1q+FGUX1RwOIY54nRq1travz+1kdT7F9rkxyBSqpeyTcs7q2nfKBtY6qZ06jWjVpNGnUw7hTjVUk07bbp9GvkyFxbslZvq9zBMFdSQ1nlmBMpB1RtNJ7p5QNaplST1idbCcXrUcscQrxe0udvk16nPLLvcS6EQsVEsYMJDAEt84161hks9Udz+qU0lCW7SXRvpf10Mt0CBPjP0610MR/o+R5Tg6/8A0Lf5/U83Ly+6LLcUnNlFsElpA+IjoPryFa1LCSks09F6nYxvHKVBunQWaXX9q+/grLvKK+XJljrMHw8IFbkYxgrRR5mvXq4iWetK79F4LZE7CYU8iBPWD8qkpep8svkbTcGNakbnltFIB3G4+n9eFQncNWJXFMdeawzkWFUdzLalWtBojQmSH1BIBEyZBBmIpJ2MW2dZ4D2ot8L4HgnZc73F7lsHKWzMzsZgwADvHMDnVxXbUp73tsufdwaDzuk/kgqBYhXfbZi+WGsDzNw/qKCx94f7bMSGHv8AD2XSdfdlkYDwzFgT5xQmx2Hs9xuzjcOmIsNKONJ0IIMMrDkQRFSYljQCgFAKAUAoBQCgFAKAUBEbhlk3Dd90nvCMpuZRniIjNvQH559qPZ6/hsUxcMbDsfcmZUL+7GwYdd6wM1YpOGYv39xme1b/AGKG6DlnVIyqQTqCYHpUjYmLh3DELdXMG7w0a2emVxvM6nUTVFTLf3rM6mD9sqTfsVUhfXS+tvNfAzXiFGW4yoSCd9I11B9Nqvp5suurOfiZUnUbpLLHo3e3XfvPfAFfEXxbwyl7ijMFIEEJvIJgryg7zWTs9GUxbXaj5nvH4S9ZOW9bdI0h1IG5Ok6c6C7vcrb9tG2Qz/h0+m30qLIsU5Hnht8K3vLTFWTZgWBGmpVxtzGhG8VW4l7q3WVl/wAFe7a+04hr9wXioBWAwOdwCWYn4u7IjpWlVdnKyta2p3cHRjWVGnUd4SzNLW3ZT+PirpO/MqMTjMoIWZPIbnnryGutU06Up/n5c7GKx1DCLLzX7VbTx5R+fce7+HdwqBJuMQFQEaucsLO2p0rrWtFd1jwjnmqSkubfrc167iLmGZ0yZbpJDSveWCQQPAGR00otdQ+zoj3gA3xMZnUmRP12rFhXLAuF2jroZgePSoJNi4P2SF1c94FidRaDMoUb94rBLwZiYExqakwcip7VcA+yXbZQt7q6pCgmcpWJWTy7ysJ6npUsRZA4xhSbdqUyqRnFzukNpmiRqYJAM6gRIBqI7smR5x/Fnv27CvoLNhbSLMgBRq3mx1PoOVZmJXk0IMTsBQkjXbtCDu//APPOHurhL7tPunvfsp2lVi4QPOB5rUkM6vQgUAoBQCgFAKAUAoBQCgFAQ+L8Ls4q01m+ge224P0II1BHIjUUBwnHdixg+InCWrmdMQbaoJ7wVmJZXA3K5d+hBqOZk3oWHEuwmLt3byW8OfdZ2Ntgy5ckkrOs7eFc2rQqSm3Y9rgOJ4OnhYxzJNJXVufPZc+pq99AyAgSdh130A+unjWtGctk3Y7FbC0m3UcFm5uyvp3nbfZvwQYfCrce0Uv3QPeZomFlU0Hw92DHiZ1rr0U1BZtz59xGVN4ifs7Zb8tr8/xadDZcfYV7bqwBBU6EA8uhq00T8w2gGdyw+AgDLoNS8k+OkdBUGVz0xnQ1JBe27i5CsSrEQQTHdaToNDM89vWqnThN5vx+PU21icTQ/t3cfHdX6X1jfusQr2HQmVUCSM0aTr8p1Ovjzqy1tjWzN2TM/F0b3lxVgBXZQHysREKRnVQDqp1gcqxs7GUZRvqa9i+Fy2ZlYMfvA7/mKwd1ubUY0p7Hixw4oyy0hjoDy235c6l3sa7Ub6MsuFopxILKMiHO6jSQpBA/XxCkUB1rs8lu8FZbiuCROU/jOsa8pg6jnNTbqVPuNe9sOFC4fC9ffE+nugT+a1LEdzmjFBZVlLEtuDoo7x+EdTAk8wo6VKRk2Vxfqakgj3MR0oQRixJ89v5CpIN+7G+yrGYxla8jYaxuXcQ7Dols6yerCB47UB+iuE8Nt4azbsWVy27ahVHgOp5k7k8yaEEugFAKAUAoBQCgFAKAUAoCPxG8yWrjomd1QsqTGYgEgT40BS9h+064/DC7otxe7dUfdYcxP3SNR8uVAcs7Q483LucfeJu7f+Rsyeoti0PSoRkZeHdssZY0F0so+6/eHlrqB5VJBIHtMFu6XPD7DXD8Vxe4xPnlJ+tR7ON721LXiKzh7NzeXpd28joXYXtUeI27lz3PulRsg72aTEnkNpHzqSk2VhOlAaBjfZja92q2XhveZne5JlJY5ABAgFifHrUE3NQ7a9nMLgcihWuS5JzFibiqbam0SIVQZc5o5RzrFvczpxcpKMVqasqBVy28ypJOWTz3G9Y0pqcU0bGOw9TD15U6ju1bX4XPOCuXGv27YGcs4EQZ3BiRzOsT9Ksbtoaqg3HMk7dbO3nsbnf7EYy4GvrbkXHdwhIDgF2IlZjnsDRGJrfFcFctJdt3EZGyQVIgwdNjyoyVqUPEUDBcstkBn7oB0EHXXyrDV7meiLjsdwtL3vWdZgqIzlR8LFixBEgTMExrR3toTzOodnuD4bD4gPatXFe5bKgmWQEwWUuZKnLBgmJMbipfUx1tY0v2zcSFzE27KmfcoS347mUqD4hFQ/xUZMUc54pipIAAA5AbAbAeQ2rK5Bh4dwrEYpsuHs3LxmDkUkD8TfCPU0IOi9mvYliLsPjbosL/AOO3D3PVvhX/AFVJFzrPZrsPgcDBsWFDj+9fv3P87ajyEChBsdAKAUAoBQCgFAKAUAoBQCgFAKA4d2lS7wviV5bOlrFoYHLLckNH+JGzEeBA51PIlFVibmd2YfeYwOg2UegAFAW3C+x2MxGq2iin71zuj5HU+gqBc2zgPsqs2znxVw3mmciyqD/k308qm5BvuDwduygS0iog2VQAB6CoBnoCu7Q8T+zYa7fCG4yL3bY3dyQqIPFmIHrQI/OvFeIXL+NVMpa5eu5R4sxAETyJJNUYik6kLI6vCcbTwlf2k07WtobLxfshi8Mq3LiZlMjud/JsZJA7obXbprWjKFalHR+R6WliuHY+veUVmVrOSSb9dbaaP4bGbsl2Uv4nE27oTLZtsGdnBAMGSijQkn5D6Uw1KUne2hlxjH0qNNwzXk1oly730R22zaVFCqAFAgAbADYV1TwjbbuzlXtzwFlFs4kSL7v7mQYzWwGbUf4SRr/i15VjImJye3ilEqwJEGYgx0k7b1iZF/7PscBce2d2h0AgyVmYnSQCCPInlUknSMTx23grJvXfiMi1anV2PIf8m2AnmahaBo5v2b4JiOLYwlpZDcD4i4DAGYljE89wo1jyFSkRJ20Ox2PZtw1bnvDhlcgAKr6ooUQITYnmS0kknWszC5tViyqKFRQqjYKAAPIChBkoBQCgFAKAUAoBQCgFAKAUAoBQCgFAU3aHs1YxptG8DNokqVMHvCCCY22PpQGfhfAcNh/7Kyqn96Jb/MdaAsqAUBjvqxVgrZWIIVomDGhjnHSgObdiO0d3D4l8FjGMm4QGYzFwmd/3XmQepHWhJf8AtDx2S2ijcZrp/gAW3/8AJctn+GhByU6bcqkku+Hds8XhxpdLqB8NzvD5nUehoAfbBjB/c2Pk/wD9qWB2PhV9rlm07gB3RWYDYEqCQPDWoIKDt92VGOsd0L75Ack6Bgd0J5TEg8iOk1DVyU7H5v4jZa0xRldWVirowgqVMEE7E+VYmR5fuNAIMHdeo5g/1tQlMlWFu37gW2Ll663dUas58NdevgBJqNyb2P0V2C7JW+HWABmN24FN5i094A90RAhZIEDWs0itu5s9SQKAUAoBQCgFAKAUAoBQCgFAKAUAoBQCgFAKAUAoBQHPPat2dzp9rtjvoIuRzTk3mv5HwoSjS7naC9i0i5qUC2837wt5yZHUllk88goiWjzhuFXLhhELHoATUkF9hvZtibyxcZbKnee80eCjT5mhBtfA/ZvgcPDNb984+9d1E+CfD9DUA28CKA+0BQ8c7G4HGNnv4dWf94SrHlqVIn1qLE3NU4h7G8ExzWbl2yecn3g5bBtQdOtLDMbL2Z7D4LAENYtftAuU3WJZz1JJ0k8yAOQ2qSLmyUAoBQCgFAKAUAoBQCgFAKAUAoBQCgFAKAUAoBQCgFAKA83bYYFWAIIgg7EHQg0Bq/CuwWEsTozjMSAx0E8jG9Cbmy4fDpbEIoUdAAPyoQZaAUAoBQCgFAKAUAoBQCgFAKAUAoBQCgFAKAUAoBQCgFAKAUAoBQCgFAKAUAoBQCgFAKAUAoBQCgFAKAUAoBQCgFAKAUAoD//Z"
Disc plough 3 furrow,,3,360,50,,,https://5.imimg.com/data5/FF/AC/GLADMIN-25392076/disc-plough-3-furrow-500x500.png
Agro Engine 142 ES-HS,TMTL,1,250,12,12,,https://5.imimg.com/data5/DG/CF/GLADMIN-65796215/agro-engine-142-es-hs-500x500.png
Agro Engine 142 HS,TMTL,1,240,12,12,,https://5.imimg.com/data5/JP/SR/MY-33512846/eicher-222-hs-agro-engine-222-hs-250x250.jpg
Agro Engine 322 ES,TMTL,2,360,24,40,,https://5.imimg.com/data5/AC/RC/MY-24986464/tefe-agro-engine-322-es-500x500.jpg
Agro Engine 422 TC,TMTL,3,415,46,40,,https://5.imimg.com/data5/IA/TM/MY-53366629/eicher-422-tc-agro-engine-500x500.jpg
Agro Engine 422 TCI,TMTL,3,503,56.4,40,,https://5.imimg.com/data5/JK/AB/MY-33512846/eicher-agro-422-es-engine-250x250.jpg
Eicher Engines 7.5 kVA Diesel Generator,Eicher,1,700,55,50,,https://2.wlimg.com/product_images/bc-full/dir_52/1550658/eicher-diesel-generator-1736143.jpg
Eicher Engines 20 kVA Generator,Eicher,2,950,60,100,,https://5.imimg.com/data5/MF/DR/MY-41277738/20-kva-diesel-genset-500x500.jpg
Eicher Engines 35 kVA Prime Genset,TMTL,3,1225,70,100,,https://4.imimg.com/data4/XB/PH/ANDROID-760548/product-250x250.jpeg
62.5 kVA Prime Genset,Eicher,3,1470,52,125,,https://5.imimg.com/data5/SS/NB/MY-5317304/volvo-eicher-diesel-generator-500x500.jpg
82.5 kVA Prime Genset,TMTL,4,1980,60,250,,https://5.imimg.com/data5/RG/ID/MY-980787/kirloskar-diesel-generator-500x500.jpg
125 kVA Prime Genset,Eicher,4,2050,55,250,,https://3.imimg.com/data3/CV/FX/MY-2176327/diesel-fuel-generator-set-500x500.jpg